destination,esg_score_real,carbon_score,public_transport_score
Barcelona,72.8,57.0,85.0
Madrid,75.9,66.0,85.0
Mallorca,52.7,52.0,45.0
Tenerife,62.3,53.0,62.0
Sevilla,76.6,68.0,85.0
Valencia,77.3,70.0,85.0
Costa Brava,72.8,57.0,85.0
Costa del Sol,57.2,65.0,45.0
Granada,76.6,68.0,85.0
San Sebastián,70.8,77.0,62.0
Ronda,66.9,66.5,65.0
Picos de Europa,72.1,94.0,35.0
